共通	1	かずと すうじ	1nen
共通	2	なんばんめ	1nen
共通	3	いくつと いくつ	1nen
共通	4	いろいろな かたち	1nen
共通	5	わくわく ぷろぐらみんぐ	common/programming_1nen
共通	6	たすのかな ひくのかな	common/1nen_tasunokana-hikunokana
共通	7	かえますか？ かえませんか？	common/kaemasuka_1nen
共通	8	もう すぐ 2年生	common/mosugu_2nen
共通	9	見方・考え方をふかめよう⑴	2nen
共通	10	買えますか？買えませんか？	2nen
共通	11	算数のじゆうけんきゅう	2nen
共通	12	見方・考え方をふかめよう⑵	2nen
共通	13	見方・考え方をふかめよう⑶	2nen
共通	14	どんな 計算に なるのかな	2nen
共通	15	何番目	2nen
共通	16	わくわく プログラミング	2nen
共通	17	よみとる 算数	2nen
共通	18	もうすぐ 3年生	2nen
共通	19	見方・考え方を深めよう	common/3nen_mikata_kangaekata
共通	20	どんな計算になるのかな	common/3nen_donna_keisan
共通	21	算数の自由研究	common/sansu_jiyu_kenkyu_3nen
共通	22	わくわくプログラミング	common/programming_3nen
共通	23	そろばん	common/soroban
共通	24	買えますか？買えませんか？	common/kaemasuka_3nen
共通	25	わくわく SDGs	common/sdgs_3nen
共通	26	もうすぐ4年生	common/mosugu_4nen
共通	27	見積りを使って	common/4nen_mitsumori
共通	28	算数の自由研究	common/sansu_jiyu_kenkyu_4nen
共通	29	見方・考え方を深めよう(1)	common/4nen_mikata-kangaekata1
共通	30	どんな計算になるのかな	common/4nen_donna-keisan
共通	31	だれでしょう	common/4nen_dare-desho
共通	32	見方・考え方を深めよう(2)	common/4nen_mikata-kangaekata2
共通	33	わくわくプログラミング	common/programming_4nen
共通	34	わくわくSDGs	common/sdgs_4nen
共通	35	もうすぐ5年生	common/mosugu_5nen
共通	36	見方・考え方を深めよう(1)	common/5nen_mikata-kangaekata1
共通	37	どんな計算になるのかな	common/5nen_donna-keisan
共通	38	算数の自由研究	common/sansu_jiyu_kenkyu_5nen
共通	39	見方・考え方を深めよう(2)	common/5nen_mikata-kangaekata2
共通	40	人文字	common/5nen_hitomoji
共通	41	見積りを使って	common/5nen_mitsumori
共通	42	見方・考え方を深めよう(3)	common/5nen_mikata-kangaekata3
共通	43	わくわくプログラミング	common/programming_5nen
共通	44	わくわくSDGs	common/sdgs_5nen
共通	45	もうすぐ6年生	common/mosugu_6nen
共通	46	どんな計算になるのかな	common/6nen_donna-keisan
共通	47	算数の自由研究	common/sansu_jiyu_kenkyu_6nen
共通	48	見方・考え方を深めよう(1)	common/6nen_mikata-kangaekata1
共通	49	見方・考え方を深めよう(2)	common/6nen_mikata-kangaekata2
共通	50	見積もりを使って	common/6nen_mitsumori
共通	51	わくわくプログラミング	common/programming_6nen
共通	52	見方・考え方を深めよう(3)	common/6nen_mikata-kangaekata3
共通	53	すごろく	common/6nen_sugoroku
共通	54	わくわくSDGs	common/sdgs_6nen
共通	55	6年のまとめ	6nen
共通	56	未来へのとびら	6nen
